<?xml version='1.0'?>
<prop.map version='4'>
<prop.list>
<prop.pair>
<key>BuiltInKeys</key>
<array>
<array.type><string/></array.type>
<string>$$$/Premiere/FrontEnd/Starter=Starter</string>
<string>$$$/Premiere/FrontEnd/Essentials=Essentials</string>
<string>$$$/Premiere/FrontEnd/Vertical=Vertical</string>
<string>$$$/Premiere/FrontEnd/Learning=Learning</string>
<string>$$$/Premiere/FrontEnd/AllPanels=All Panels</string>
<string>$$$/Premiere/FrontEnd/Assembly=Assembly</string>
<string>$$$/Premiere/FrontEnd/Editing=Editing</string>
<string>$$$/Premiere/FrontEnd/Color=Color</string>
<string>$$$/Premiere/FrontEnd/Effects=Effects</string>
<string>$$$/Premiere/FrontEnd/Audio=Audio</string>
<string>$$$/Premiere/FrontEnd/Metalogging=Metalogging</string>
<string>$$$/Premiere/FrontEnd/CaptionsGraphicsSpace=Captions and Graphics#{comment}DVAGE-6442</string>
<string>$$$/Premiere/FrontEnd/Review=Review</string>
<string>$$$/Premiere/FrontEnd/Libraries=Libraries</string>
<string>$$$/Premiere/FrontEnd/Production=Production</string>
<string>$$$/Premiere/FrontEnd/TextBasedEditing=Text-Based Editing</string>
<string>$$$/Premiere/FrontEnd/Prelude=Prelude</string>
</array>
</prop.pair>
<prop.pair>
<key>BuiltIns</key>
<array>
<array.type><ustring/></array.type>
</array>
</prop.pair>
<prop.pair>
<key>FilePaths</key>
<array>
<array.type><ustring/></array.type>
<ustring>C:\Users\iwora\Documents\Adobe\Premiere Pro\25.0\Profile-iwora\Layouts\UserWorkspace_3.xml</ustring>
<ustring>C:\Users\iwora\Documents\Adobe\Premiere Pro\25.0\Profile-iwora\Layouts\UserWorkspace_2.xml</ustring>
<ustring>C:\Users\iwora\Documents\Adobe\Premiere Pro\25.0\Profile-iwora\Layouts\UserWorkspace.xml</ustring>
<ustring>C:\Users\iwora\Documents\Adobe\Premiere Pro\25.0\Profile-iwora\Layouts\UserWorkspace_1.xml</ustring>
</array>
</prop.pair>
<prop.pair>
<key>MainWndPos</key>
<prop.list>
<prop.pair>
<key>MaxPos</key>
<array>
<array.type><int type='signed' size='32'/></array.type>
<int type='signed' size='32'>-1</int>
<int type='signed' size='32'>-1</int>
</array>
</prop.pair>
<prop.pair>
<key>MinPos</key>
<array>
<array.type><int type='signed' size='32'/></array.type>
<int type='signed' size='32'>-32000</int>
<int type='signed' size='32'>-32000</int>
</array>
</prop.pair>
<prop.pair>
<key>NormalPos</key>
<array>
<array.type><int type='signed' size='32'/></array.type>
<int type='signed' size='32'>10</int>
<int type='signed' size='32'>10</int>
<int type='signed' size='32'>1910</int>
<int type='signed' size='32'>1010</int>
</array>
</prop.pair>
<prop.pair>
<key>ShowCmd</key>
<int type='signed' size='32'>3</int>
</prop.pair>
</prop.list>
</prop.pair>
<prop.pair>
<key>ModifiedTimes</key>
<array>
<array.type><string/></array.type>
<string>20250401T104736.647707</string>
<string>20250331T230705.727150</string>
<string>20250331T230558.736204</string>
<string>20250331T230610.916000</string>
</array>
</prop.pair>
<prop.pair>
<key>UserNames</key>
<array>
<array.type><ustring/></array.type>
<ustring>$$$/Premiere/FrontEnd/AllPanels=All Panels</ustring>
<ustring>$$$/Premiere/FrontEnd/Essentials=Essentials</ustring>
<ustring>$$$/Premiere/FrontEnd/Learning=Learning</ustring>
<ustring>$$$/Premiere/FrontEnd/Vertical=Vertical</ustring>
</array>
</prop.pair>
<prop.pair>
<key>WorkspaceConfigVersion</key>
<string>1.1</string>
</prop.pair>
<prop.pair>
<key>WorkspaceTypes</key>
<array>
<array.type><int type='signed' size='32'/></array.type>
<int type='signed' size='32'>1</int>
<int type='signed' size='32'>1</int>
<int type='signed' size='32'>1</int>
<int type='signed' size='32'>1</int>
</array>
</prop.pair>
</prop.list>
</prop.map>
